{
        "type": "FeatureCollection",
        "features": [{
          "type": "Feature",
          "properties": {
            "agency_name": "SFM",
            "route_id": "55_4",
            "agency_id": "55",
            "route_short_name": "M1",
            "route_long_name": "Metro UIB",
            "route_type": 1,
            "route_url": "https://www.tib.org/web/ctm/metro/linia/M1",
            "route_color": "#FF9933",
            "route_text_color": "#000000"
          },
          "geometry": {
            "type": "MultiLineString",
            "coordinates": [
              [
                [2.65464, 39.57676],
                [2.65419, 39.57636],
                [2.65464, 39.57676],
                [2.6558, 39.57751],
                [2.65672, 39.57804],
                [2.65799, 39.57868],
                [2.66002, 39.58006],
                [2.66188, 39.58138],
                [2.66324, 39.58238],
                [2.66569, 39.58411],
                [2.6686, 39.58625],
                [2.669, 39.58657],
                [2.66969, 39.58721],
                [2.66995, 39.58755],
                [2.67022, 39.58792],
                [2.67041, 39.58827],
                [2.67062, 39.58872],
                [2.67075, 39.58911],
                [2.67084, 39.58946],
                [2.6709, 39.58985],
                [2.67093, 39.59028],
                [2.67085, 39.59124],
                [2.67062, 39.59284],
                [2.67059, 39.59329],
                [2.67059, 39.5936],
                [2.67063, 39.59395],
                [2.6707, 39.59433],
                [2.67081, 39.59466],
                [2.67092, 39.59491],
                [2.67119, 39.59542],
                [2.67162, 39.59601],
                [2.67286, 39.59759],
                [2.67302, 39.59786],
                [2.6732, 39.59816],
                [2.67333, 39.59844],
                [2.67344, 39.59875],
                [2.67353, 39.5991],
                [2.67357, 39.59985],
                [2.67349, 39.60034],
                [2.67341, 39.60063],
                [2.67331, 39.60092],
                [2.67315, 39.60122],
                [2.67292, 39.60159],
                [2.67271, 39.60186],
                [2.67205, 39.60263],
                [2.66342, 39.61255],
                [2.66306, 39.61298],
                [2.66269, 39.6135],
                [2.66234, 39.61404],
                [2.66171, 39.61512],
                [2.66142, 39.61564],
                [2.66125, 39.61604],
                [2.6611, 39.61648],
                [2.66094, 39.61718],
                [2.66088, 39.61772],
                [2.66087, 39.61809],
                [2.66088, 39.61848],
                [2.66093, 39.61887],
                [2.66117, 39.6203],
                [2.66141, 39.62172],
                [2.66149, 39.62206],
                [2.66169, 39.62264],
                [2.66242, 39.62456],
                [2.66256, 39.62492],
                [2.66281, 39.62543],
                [2.66314, 39.62592],
                [2.66334, 39.62616],
                [2.66393, 39.62679],
                [2.66428, 39.6272],
                [2.66446, 39.62747],
                [2.66459, 39.62772],
                [2.66474, 39.62809],
                [2.6648, 39.62831],
                [2.66484, 39.62856],
                [2.66485, 39.62884],
                [2.66484, 39.62909],
                [2.66481, 39.62937],
                [2.66475, 39.6296],
                [2.66466, 39.62988],
                [2.66456, 39.63011],
                [2.66432, 39.63051],
                [2.66414, 39.63073],
                [2.66368, 39.63117],
                [2.66328, 39.63147],
                [2.6629, 39.63169],
                [2.66263, 39.63182],
                [2.66218, 39.63198],
                [2.66153, 39.63215],
                [2.65874, 39.63265],
                [2.6576, 39.63287],
                [2.65197, 39.63386],
                [2.65102, 39.6341],
                [2.64725, 39.63468],
                [2.63615, 39.63565],
                [2.63624, 39.63528]
              ]
            ]
          }
        }, {
          "type": "Feature",
          "properties": {
            "agency_name": "SFM",
            "route_id": "55_1",
            "agency_id": "55",
            "route_short_name": "T1",
            "route_long_name": "Tren Inca",
            "route_type": 2,
            "route_url": "https://www.tib.org/web/ctm/tren/linia/T1",
            "route_color": "#BBE6AA",
            "route_text_color": "#000000"
          },
          "geometry": {
            "type": "MultiLineString",
            "coordinates": [
              [
                [2.65546, 39.57729],
                [2.65464, 39.57676],
                [2.6558, 39.57751],
                [2.65633, 39.57783],
                [2.65713, 39.57826],
                [2.65799, 39.57868],
                [2.65814, 39.57878],
                [2.66002, 39.58006],
                [2.66188, 39.58138],
                [2.66324, 39.58238],
                [2.66705, 39.58507],
                [2.66754, 39.58537],
                [2.66815, 39.58573],
                [2.67003, 39.58706],
                [2.67468, 39.5903],
                [2.6752, 39.59069],
                [2.67917, 39.59341],
                [2.68101, 39.5946],
                [2.68189, 39.59514],
                [2.68286, 39.59567],
                [2.68374, 39.59603],
                [2.68445, 39.59628],
                [2.68616, 39.59672],
                [2.68674, 39.59688],
                [2.69128, 39.598],
                [2.6922, 39.59827],
                [2.69301, 39.59858],
                [2.69333, 39.59872],
                [2.69401, 39.59908],
                [2.69497, 39.59973],
                [2.69692, 39.60116],
                [2.69778, 39.60176],
                [2.69867, 39.6024],
                [2.7018, 39.60471],
                [2.70549, 39.60737],
                [2.70809, 39.60922],
                [2.71766, 39.61617],
                [2.71916, 39.61724],
                [2.71988, 39.61778],
                [2.72155, 39.61896],
                [2.72185, 39.61919],
                [2.72225, 39.61954],
                [2.72255, 39.61984],
                [2.72309, 39.62045],
                [2.72365, 39.62123],
                [2.72385, 39.62163],
                [2.72414, 39.62225],
                [2.72442, 39.62282],
                [2.72536, 39.62491],
                [2.72573, 39.62575],
                [2.72609, 39.62646],
                [2.72637, 39.62691],
                [2.72655, 39.62711],
                [2.72698, 39.62751],
                [2.72754, 39.62786],
                [2.72814, 39.62813],
                [2.72846, 39.62823],
                [2.73058, 39.62868],
                [2.73152, 39.62892],
                [2.73249, 39.62925],
                [2.73298, 39.62946],
                [2.73404, 39.62998],
                [2.73446, 39.63026],
                [2.73531, 39.6309],
                [2.73572, 39.63123],
                [2.73604, 39.63153],
                [2.73634, 39.63186],
                [2.73677, 39.63237],
                [2.73706, 39.63278],
                [2.7372, 39.633],
                [2.73775, 39.63397],
                [2.73854, 39.63545],
                [2.73889, 39.63607],
                [2.73936, 39.63696],
                [2.74175, 39.64135],
                [2.74284, 39.64343],
                [2.744, 39.64557],
                [2.74423, 39.64591],
                [2.74459, 39.64628],
                [2.74492, 39.64656],
                [2.74523, 39.64674],
                [2.74563, 39.64693],
                [2.74616, 39.64715],
                [2.74699, 39.64755],
                [2.74763, 39.64795],
                [2.7479, 39.64816],
                [2.74814, 39.64842],
                [2.74841, 39.64875],
                [2.7486, 39.64911],
                [2.74904, 39.65035],
                [2.74928, 39.65108],
                [2.74974, 39.65184],
                [2.75018, 39.65239],
                [2.75095, 39.65311],
                [2.75182, 39.65367],
                [2.75245, 39.65398],
                [2.75289, 39.65416],
                [2.75332, 39.65431],
                [2.7538, 39.65444],
                [2.7543, 39.65455],
                [2.75483, 39.65463],
                [2.7558, 39.6547],
                [2.75677, 39.65466],
                [2.75725, 39.65461],
                [2.75779, 39.65451],
                [2.75822, 39.6544],
                [2.75886, 39.65421],
                [2.76519, 39.65215],
                [2.76585, 39.65196],
                [2.7666, 39.65181],
                [2.76759, 39.65171],
                [2.76813, 39.6517],
                [2.76906, 39.65174],
                [2.77001, 39.65186],
                [2.77052, 39.65197],
                [2.77115, 39.65214],
                [2.77172, 39.65233],
                [2.77373, 39.65307],
                [2.7805, 39.65547],
                [2.78123, 39.65578],
                [2.78162, 39.65597],
                [2.78232, 39.65638],
                [2.78263, 39.65659],
                [2.78297, 39.65684],
                [2.78339, 39.6572],
                [2.78498, 39.65848],
                [2.7863, 39.65958],
                [2.78975, 39.66234],
                [2.79071, 39.66313],
                [2.79466, 39.66632],
                [2.8065, 39.67593],
                [2.80849, 39.67753],
                [2.81098, 39.67959],
                [2.81193, 39.68032],
                [2.81362, 39.6817],
                [2.81441, 39.68223],
                [2.81533, 39.68274],
                [2.81614, 39.6831],
                [2.81715, 39.68348],
                [2.82468, 39.68566],
                [2.8341, 39.68836],
                [2.83555, 39.68881],
                [2.8368, 39.68928],
                [2.83728, 39.68953],
                [2.83843, 39.6902],
                [2.83903, 39.69062],
                [2.8393, 39.69086],
                [2.83993, 39.69135],
                [2.84406, 39.69494],
                [2.84763, 39.698],
                [2.84913, 39.69932],
                [2.84962, 39.69976],
                [2.85245, 39.70215],
                [2.86009, 39.70875],
                [2.86124, 39.70973],
                [2.86184, 39.71027],
                [2.86715, 39.71484],
                [2.86803, 39.7155],
                [2.86881, 39.71603],
                [2.8691, 39.7162],
                [2.86975, 39.71654],
                [2.87053, 39.71689],
                [2.87157, 39.71727],
                [2.8729, 39.71763],
                [2.87958, 39.71914],
                [2.88018, 39.71925],
                [2.88174, 39.71947],
                [2.88264, 39.71955],
                [2.88446, 39.71958],
                [2.89381, 39.71957],
                [2.89861, 39.71956],
                [2.90084, 39.71953],
                [2.90182, 39.71941],
                [2.90235, 39.71931],
                [2.90304, 39.7191],
                [2.90356, 39.71893],
                [2.90414, 39.71871]
              ]
            ]
          }
        }, {
          "type": "Feature",
          "properties": {
            "agency_name": "SFM",
            "route_id": "55_2",
            "agency_id": "55",
            "route_short_name": "T2",
            "route_long_name": "Tren Sa Pobla",
            "route_type": 2,
            "route_url": "https://www.tib.org/web/ctm/tren/linia/T2",
            "route_color": "#AFD9F1",
            "route_text_color": "#000000"
          },
          "geometry": {
            "type": "MultiLineString",
            "coordinates": [
              [
                [2.65546, 39.57729],
                [2.65464, 39.57676],
                [2.6558, 39.57751],
                [2.65633, 39.57783],
                [2.65713, 39.57826],
                [2.65799, 39.57868],
                [2.65814, 39.57878],
                [2.66002, 39.58006],
                [2.66188, 39.58138],
                [2.66324, 39.58238],
                [2.66705, 39.58507],
                [2.66754, 39.58537],
                [2.66815, 39.58573],
                [2.67003, 39.58706],
                [2.67468, 39.5903],
                [2.6752, 39.59069],
                [2.67917, 39.59341],
                [2.68101, 39.5946],
                [2.68189, 39.59514],
                [2.68286, 39.59567],
                [2.68374, 39.59603],
                [2.68445, 39.59628],
                [2.68616, 39.59672],
                [2.68674, 39.59688],
                [2.69128, 39.598],
                [2.6922, 39.59827],
                [2.69301, 39.59858],
                [2.69333, 39.59872],
                [2.69401, 39.59908],
                [2.69497, 39.59973],
                [2.69692, 39.60116],
                [2.69778, 39.60176],
                [2.69867, 39.6024],
                [2.7018, 39.60471],
                [2.70549, 39.60737],
                [2.70809, 39.60922],
                [2.71766, 39.61617],
                [2.71916, 39.61724],
                [2.71988, 39.61778],
                [2.72155, 39.61896],
                [2.72185, 39.61919],
                [2.72225, 39.61954],
                [2.72255, 39.61984],
                [2.72309, 39.62045],
                [2.72365, 39.62123],
                [2.72385, 39.62163],
                [2.72414, 39.62225],
                [2.72442, 39.62282],
                [2.72536, 39.62491],
                [2.72573, 39.62575],
                [2.72609, 39.62646],
                [2.72637, 39.62691],
                [2.72655, 39.62711],
                [2.72698, 39.62751],
                [2.72754, 39.62786],
                [2.72814, 39.62813],
                [2.72846, 39.62823],
                [2.73058, 39.62868],
                [2.73152, 39.62892],
                [2.73249, 39.62925],
                [2.73298, 39.62946],
                [2.73404, 39.62998],
                [2.73446, 39.63026],
                [2.73531, 39.6309],
                [2.73572, 39.63123],
                [2.73604, 39.63153],
                [2.73634, 39.63186],
                [2.73677, 39.63237],
                [2.73706, 39.63278],
                [2.7372, 39.633],
                [2.73775, 39.63397],
                [2.73854, 39.63545],
                [2.73889, 39.63607],
                [2.73936, 39.63696],
                [2.74175, 39.64135],
                [2.74284, 39.64343],
                [2.744, 39.64557],
                [2.74423, 39.64591],
                [2.74459, 39.64628],
                [2.74492, 39.64656],
                [2.74523, 39.64674],
                [2.74563, 39.64693],
                [2.74616, 39.64715],
                [2.74699, 39.64755],
                [2.74763, 39.64795],
                [2.7479, 39.64816],
                [2.74814, 39.64842],
                [2.74841, 39.64875],
                [2.7486, 39.64911],
                [2.74904, 39.65035],
                [2.74928, 39.65108],
                [2.74974, 39.65184],
                [2.75018, 39.65239],
                [2.75054, 39.65273],
                [2.75095, 39.65311],
                [2.75141, 39.65341],
                [2.75182, 39.65367],
                [2.75245, 39.65398],
                [2.75289, 39.65416],
                [2.75332, 39.65431],
                [2.7538, 39.65444],
                [2.7543, 39.65455],
                [2.75483, 39.65463],
                [2.75535, 39.65468],
                [2.7558, 39.6547],
                [2.75677, 39.65466],
                [2.75725, 39.65461],
                [2.75779, 39.65451],
                [2.75822, 39.6544],
                [2.75886, 39.65421],
                [2.76519, 39.65215],
                [2.76585, 39.65196],
                [2.7666, 39.65181],
                [2.76759, 39.65171],
                [2.76813, 39.6517],
                [2.76906, 39.65174],
                [2.77001, 39.65186],
                [2.77052, 39.65197],
                [2.77115, 39.65214],
                [2.77172, 39.65233],
                [2.77373, 39.65307],
                [2.7805, 39.65547],
                [2.78123, 39.65578],
                [2.78162, 39.65597],
                [2.78232, 39.65638],
                [2.78263, 39.65659],
                [2.78297, 39.65684],
                [2.78339, 39.6572],
                [2.78498, 39.65848],
                [2.7863, 39.65958],
                [2.78975, 39.66234],
                [2.79071, 39.66313],
                [2.79466, 39.66632],
                [2.8065, 39.67593],
                [2.80849, 39.67753],
                [2.81098, 39.67959],
                [2.81193, 39.68032],
                [2.81362, 39.6817],
                [2.81441, 39.68223],
                [2.81533, 39.68274],
                [2.81614, 39.6831],
                [2.81715, 39.68348],
                [2.82468, 39.68566],
                [2.8341, 39.68836],
                [2.83555, 39.68881],
                [2.8368, 39.68928],
                [2.83728, 39.68953],
                [2.83843, 39.6902],
                [2.83903, 39.69062],
                [2.8393, 39.69086],
                [2.83993, 39.69135],
                [2.84406, 39.69494],
                [2.84763, 39.698],
                [2.84913, 39.69932],
                [2.84962, 39.69976],
                [2.85245, 39.70215],
                [2.86009, 39.70875],
                [2.86124, 39.70973],
                [2.86184, 39.71027],
                [2.86715, 39.71484],
                [2.86803, 39.7155],
                [2.86881, 39.71603],
                [2.86945, 39.71638],
                [2.8701, 39.71671],
                [2.87094, 39.71705],
                [2.87157, 39.71727],
                [2.8729, 39.71763],
                [2.87958, 39.71914],
                [2.88018, 39.71925],
                [2.88174, 39.71947],
                [2.88264, 39.71955],
                [2.88446, 39.71958],
                [2.89381, 39.71957],
                [2.89861, 39.71956],
                [2.90084, 39.71953],
                [2.90182, 39.71941],
                [2.90235, 39.71931],
                [2.90304, 39.7191],
                [2.90356, 39.71893],
                [2.90626, 39.71792],
                [2.90847, 39.71714],
                [2.90926, 39.71684],
                [2.91841, 39.71346],
                [2.91897, 39.71321],
                [2.9198, 39.71278],
                [2.92018, 39.71253],
                [2.92098, 39.71193],
                [2.92195, 39.71102],
                [2.92352, 39.70953],
                [2.92421, 39.70885],
                [2.92481, 39.70825],
                [2.92511, 39.70794],
                [2.9253, 39.7077],
                [2.9261, 39.70688],
                [2.92734, 39.70565],
                [2.92759, 39.70543],
                [2.92807, 39.70507],
                [2.9294, 39.70413],
                [2.93276, 39.70177],
                [2.93394, 39.7009],
                [2.94172, 39.69531],
                [2.94226, 39.69492],
                [2.94275, 39.69459],
                [2.94312, 39.69436],
                [2.94373, 39.69402],
                [2.9441, 39.69383],
                [2.94449, 39.69364],
                [2.94758, 39.69229],
                [2.94973, 39.69132],
                [2.95124, 39.69068],
                [2.95225, 39.69028],
                [2.95415, 39.68945],
                [2.95478, 39.68925],
                [2.95533, 39.68911],
                [2.95576, 39.68904],
                [2.95621, 39.689],
                [2.95658, 39.68899],
                [2.95721, 39.68904],
                [2.95767, 39.68912],
                [2.95812, 39.68923],
                [2.95988, 39.68978],
                [2.96089, 39.69017],
                [2.9614, 39.69041],
                [2.96184, 39.69063],
                [2.96221, 39.69085],
                [2.96341, 39.6916],
                [2.96425, 39.69216],
                [2.97148, 39.69682],
                [2.97266, 39.69761],
                [2.97497, 39.69907],
                [2.97555, 39.69947],
                [2.9762, 39.69988],
                [2.97753, 39.70075],
                [2.98127, 39.70314],
                [2.98205, 39.70368],
                [2.98332, 39.70448],
                [2.98615, 39.70632],
                [2.98932, 39.70834],
                [2.9921, 39.71015],
                [2.9937, 39.71114],
                [2.99479, 39.71188],
                [2.99707, 39.71337],
                [2.99797, 39.71383],
                [2.9983, 39.71398],
                [2.99877, 39.71416],
                [2.99957, 39.71441],
                [3.00074, 39.71465],
                [3.00235, 39.71491],
                [3.00478, 39.71534],
                [3.00546, 39.7155],
                [3.00658, 39.71586],
                [3.00752, 39.71629],
                [3.00809, 39.71661],
                [3.00847, 39.71685],
                [3.00884, 39.71711],
                [3.00925, 39.71745],
                [3.00989, 39.71807],
                [3.01029, 39.71848],
                [3.01069, 39.71898],
                [3.01156, 39.71991],
                [3.0131, 39.72166],
                [3.01406, 39.7227],
                [3.0151, 39.72386],
                [3.0156, 39.72438],
                [3.01591, 39.72465],
                [3.01633, 39.72496],
                [3.0168, 39.7253],
                [3.01744, 39.72569],
                [3.01793, 39.72592],
                [3.01852, 39.72618],
                [3.02493, 39.72911],
                [3.02791, 39.73046],
                [3.02841, 39.73071],
                [3.02875, 39.73092],
                [3.02942, 39.73142],
                [3.02971, 39.73168],
                [3.03044, 39.73243],
                [3.03074, 39.73277],
                [3.03133, 39.73336],
                [3.03202, 39.73414],
                [3.03314, 39.73526],
                [3.03337, 39.73554],
                [3.03366, 39.73596],
                [3.03385, 39.73648],
                [3.03393, 39.73674],
                [3.03397, 39.73702],
                [3.03399, 39.73727],
                [3.03396, 39.73768],
                [3.03388, 39.73818],
                [3.03354, 39.73998],
                [3.0333, 39.7414],
                [3.0331, 39.74246],
                [3.03301, 39.74309],
                [3.03188, 39.74934],
                [3.0305, 39.75724],
                [3.02974, 39.76139],
                [3.02932, 39.76384]
              ],
              [
                [2.90546, 39.71822],
                [2.90586, 39.71807],
                [2.9049, 39.71842]
              ]
            ]
          }
        }, {
          "type": "Feature",
          "properties": {
            "agency_name": "SFM",
            "route_id": "55_3",
            "agency_id": "55",
            "route_short_name": "T3",
            "route_long_name": "Tren Manacor",
            "route_type": 2,
            "route_url": "https://www.tib.org/web/ctm/tren/linia/T3",
            "route_color": "#FBEB82",
            "route_text_color": "#000000"
          },
          "geometry": {
            "type": "MultiLineString",
            "coordinates": [
              [
                [2.65546, 39.57729],
                [2.65464, 39.57676],
                [2.6558, 39.57751],
                [2.65633, 39.57783],
                [2.65713, 39.57826],
                [2.65799, 39.57868],
                [2.65814, 39.57878],
                [2.66002, 39.58006],
                [2.66188, 39.58138],
                [2.66324, 39.58238],
                [2.66705, 39.58507],
                [2.66754, 39.58537],
                [2.66815, 39.58573],
                [2.67003, 39.58706],
                [2.67468, 39.5903],
                [2.6752, 39.59069],
                [2.67917, 39.59341],
                [2.68101, 39.5946],
                [2.68189, 39.59514],
                [2.68286, 39.59567],
                [2.68374, 39.59603],
                [2.68445, 39.59628],
                [2.68616, 39.59672],
                [2.68674, 39.59688],
                [2.69128, 39.598],
                [2.6922, 39.59827],
                [2.69301, 39.59858],
                [2.69333, 39.59872],
                [2.69401, 39.59908],
                [2.69497, 39.59973],
                [2.69692, 39.60116],
                [2.69778, 39.60176],
                [2.69867, 39.6024],
                [2.7018, 39.60471],
                [2.70549, 39.60737],
                [2.70809, 39.60922],
                [2.71766, 39.61617],
                [2.71916, 39.61724],
                [2.71988, 39.61778],
                [2.72155, 39.61896],
                [2.72185, 39.61919],
                [2.72225, 39.61954],
                [2.72255, 39.61984],
                [2.72309, 39.62045],
                [2.72365, 39.62123],
                [2.72385, 39.62163],
                [2.72414, 39.62225],
                [2.72442, 39.62282],
                [2.72536, 39.62491],
                [2.72573, 39.62575],
                [2.72609, 39.62646],
                [2.72637, 39.62691],
                [2.72655, 39.62711],
                [2.72698, 39.62751],
                [2.72754, 39.62786],
                [2.72814, 39.62813],
                [2.72846, 39.62823],
                [2.73058, 39.62868],
                [2.73152, 39.62892],
                [2.73249, 39.62925],
                [2.73298, 39.62946],
                [2.73404, 39.62998],
                [2.73446, 39.63026],
                [2.73531, 39.6309],
                [2.73572, 39.63123],
                [2.73604, 39.63153],
                [2.73634, 39.63186],
                [2.73677, 39.63237],
                [2.73706, 39.63278],
                [2.7372, 39.633],
                [2.73775, 39.63397],
                [2.73854, 39.63545],
                [2.73889, 39.63607],
                [2.73936, 39.63696],
                [2.74175, 39.64135],
                [2.74284, 39.64343],
                [2.744, 39.64557],
                [2.74423, 39.64591],
                [2.74459, 39.64628],
                [2.74492, 39.64656],
                [2.74523, 39.64674],
                [2.74563, 39.64693],
                [2.74616, 39.64715],
                [2.74699, 39.64755],
                [2.74763, 39.64795],
                [2.7479, 39.64816],
                [2.74814, 39.64842],
                [2.74841, 39.64875],
                [2.7486, 39.64911],
                [2.74904, 39.65035],
                [2.74928, 39.65108],
                [2.74974, 39.65184],
                [2.75018, 39.65239],
                [2.75095, 39.65311],
                [2.75182, 39.65367],
                [2.75245, 39.65398],
                [2.75289, 39.65416],
                [2.75332, 39.65431],
                [2.7538, 39.65444],
                [2.7543, 39.65455],
                [2.75483, 39.65463],
                [2.7558, 39.6547],
                [2.75677, 39.65466],
                [2.75725, 39.65461],
                [2.75779, 39.65451],
                [2.75822, 39.6544],
                [2.75886, 39.65421],
                [2.76519, 39.65215],
                [2.76585, 39.65196],
                [2.7666, 39.65181],
                [2.76759, 39.65171],
                [2.76813, 39.6517],
                [2.76906, 39.65174],
                [2.77001, 39.65186],
                [2.77052, 39.65197],
                [2.77115, 39.65214],
                [2.77172, 39.65233],
                [2.77373, 39.65307],
                [2.7805, 39.65547],
                [2.78123, 39.65578],
                [2.78162, 39.65597],
                [2.78196, 39.65617],
                [2.78263, 39.65659],
                [2.78297, 39.65684],
                [2.78339, 39.6572],
                [2.78498, 39.65848],
                [2.7863, 39.65958],
                [2.78975, 39.66234],
                [2.79071, 39.66313],
                [2.79466, 39.66632],
                [2.8065, 39.67593],
                [2.80849, 39.67753],
                [2.81098, 39.67959],
                [2.81193, 39.68032],
                [2.81362, 39.6817],
                [2.81441, 39.68223],
                [2.81533, 39.68274],
                [2.81614, 39.6831],
                [2.81715, 39.68348],
                [2.82468, 39.68566],
                [2.8341, 39.68836],
                [2.83555, 39.68881],
                [2.8368, 39.68928],
                [2.83728, 39.68953],
                [2.83843, 39.6902],
                [2.83903, 39.69062],
                [2.8393, 39.69086],
                [2.83993, 39.69135],
                [2.84406, 39.69494],
                [2.84763, 39.698],
                [2.84913, 39.69932],
                [2.84962, 39.69976],
                [2.85245, 39.70215],
                [2.86009, 39.70875],
                [2.86124, 39.70973],
                [2.86184, 39.71027],
                [2.86715, 39.71484],
                [2.86803, 39.7155],
                [2.86881, 39.71603],
                [2.8691, 39.7162],
                [2.86975, 39.71654],
                [2.87053, 39.71689],
                [2.87157, 39.71727],
                [2.87239, 39.7175],
                [2.8729, 39.71763],
                [2.87958, 39.71914],
                [2.88018, 39.71925],
                [2.88174, 39.71947],
                [2.88264, 39.71955],
                [2.88446, 39.71958],
                [2.89381, 39.71957],
                [2.89974, 39.71955],
                [2.90084, 39.71953],
                [2.9013, 39.71948],
                [2.90182, 39.71941],
                [2.90235, 39.71931],
                [2.90304, 39.7191],
                [2.90356, 39.71893],
                [2.90626, 39.71792],
                [2.90847, 39.71714],
                [2.90926, 39.71684],
                [2.91841, 39.71346],
                [2.91897, 39.71321],
                [2.9198, 39.71278],
                [2.92018, 39.71253],
                [2.92098, 39.71193],
                [2.92195, 39.71102],
                [2.92352, 39.70953],
                [2.92421, 39.70885],
                [2.92481, 39.70825],
                [2.92511, 39.70794],
                [2.9253, 39.7077],
                [2.9261, 39.70688],
                [2.92734, 39.70565],
                [2.92759, 39.70543],
                [2.92807, 39.70507],
                [2.9294, 39.70413],
                [2.93276, 39.70177],
                [2.93394, 39.7009],
                [2.94172, 39.69531],
                [2.94226, 39.69492],
                [2.94275, 39.69459],
                [2.94373, 39.69402],
                [2.94449, 39.69364],
                [2.94758, 39.69229],
                [2.9488, 39.69173],
                [2.95124, 39.69068],
                [2.95142, 39.69058],
                [2.95508, 39.68906],
                [2.95654, 39.68841],
                [2.96452, 39.68496],
                [2.96524, 39.68463],
                [2.96569, 39.68445],
                [2.96665, 39.68412],
                [2.96712, 39.68399],
                [2.96816, 39.68379],
                [2.96889, 39.68369],
                [2.96987, 39.68361],
                [2.97385, 39.68318],
                [2.97488, 39.68301],
                [2.97541, 39.68289],
                [2.9758, 39.68278],
                [2.97691, 39.68239],
                [2.97809, 39.6818],
                [2.98044, 39.68055],
                [2.98088, 39.68029],
                [2.98237, 39.67953],
                [2.98423, 39.6785],
                [2.98531, 39.67795],
                [2.98572, 39.67776],
                [2.98621, 39.67758],
                [2.98664, 39.67745],
                [2.98721, 39.67738],
                [2.98773, 39.67735],
                [2.98824, 39.67738],
                [2.98886, 39.67745],
                [2.99107, 39.67777],
                [2.9917, 39.67779],
                [2.99218, 39.67779],
                [2.99304, 39.67777],
                [2.99398, 39.67764],
                [2.99614, 39.67731],
                [2.99692, 39.67716],
                [2.99913, 39.67682],
                [2.99984, 39.67668],
                [3.00036, 39.67656],
                [3.00083, 39.6764],
                [3.00131, 39.6762],
                [3.00183, 39.67591],
                [3.00258, 39.67524],
                [3.00284, 39.6749],
                [3.00304, 39.67459],
                [3.00321, 39.67425],
                [3.0033, 39.67395],
                [3.00337, 39.67362],
                [3.00342, 39.67289],
                [3.00346, 39.67058],
                [3.00347, 39.66729],
                [3.00345, 39.66695],
                [3.00341, 39.66663],
                [3.00333, 39.66625],
                [3.00319, 39.66578],
                [3.00283, 39.66502],
                [3.00263, 39.66453],
                [3.00238, 39.66414],
                [3.00185, 39.66303],
                [3.00148, 39.66218],
                [3.00134, 39.66167],
                [3.00125, 39.66122],
                [3.0012, 39.66072],
                [3.00118, 39.66019],
                [3.00121, 39.65939],
                [3.00127, 39.65876],
                [3.00132, 39.65784],
                [3.00141, 39.65674],
                [3.00147, 39.65639],
                [3.00167, 39.65565],
                [3.00195, 39.655],
                [3.00346, 39.65211],
                [3.00371, 39.65169],
                [3.00392, 39.6514],
                [3.00433, 39.65091],
                [3.0046, 39.65066],
                [3.00496, 39.65037],
                [3.00535, 39.6501],
                [3.00579, 39.64981],
                [3.01203, 39.64679],
                [3.01277, 39.64635],
                [3.01315, 39.64609],
                [3.01351, 39.64575],
                [3.014, 39.64507],
                [3.01471, 39.64319],
                [3.01566, 39.64046],
                [3.01581, 39.64012],
                [3.016, 39.63979],
                [3.01618, 39.63952],
                [3.01645, 39.63921],
                [3.01668, 39.63897],
                [3.01707, 39.63868],
                [3.01765, 39.63832],
                [3.01887, 39.63762],
                [3.01912, 39.63743],
                [3.01966, 39.63691],
                [3.01988, 39.63664],
                [3.02008, 39.63627],
                [3.0202, 39.63593],
                [3.02029, 39.6356],
                [3.02033, 39.63512],
                [3.02028, 39.63454],
                [3.02006, 39.63363],
                [3.01998, 39.63318],
                [3.01994, 39.63283],
                [3.01997, 39.63246],
                [3.02004, 39.63211],
                [3.02017, 39.6317],
                [3.02103, 39.62959],
                [3.02178, 39.62783],
                [3.02204, 39.62716],
                [3.02401, 39.62239],
                [3.02464, 39.62091],
                [3.02499, 39.62012],
                [3.02512, 39.61989],
                [3.02533, 39.61958],
                [3.02582, 39.61909],
                [3.02653, 39.61861],
                [3.02699, 39.61838],
                [3.02744, 39.61821],
                [3.02794, 39.61807],
                [3.02842, 39.61799],
                [3.0289, 39.61794],
                [3.02938, 39.61793],
                [3.03067, 39.61805],
                [3.03352, 39.61843],
                [3.03663, 39.61882],
                [3.03817, 39.61903],
                [3.03911, 39.61921],
                [3.04079, 39.61967],
                [3.04207, 39.62003],
                [3.04331, 39.62036],
                [3.04506, 39.62086],
                [3.04736, 39.62148],
                [3.0492, 39.62201],
                [3.0533, 39.62314],
                [3.05471, 39.62356],
                [3.05541, 39.62372],
                [3.05588, 39.62379],
                [3.05652, 39.62383],
                [3.05705, 39.62381],
                [3.05756, 39.62374],
                [3.05809, 39.62363],
                [3.05861, 39.62345],
                [3.05906, 39.62324],
                [3.05953, 39.62298],
                [3.05988, 39.62271],
                [3.06091, 39.62179],
                [3.06121, 39.62154],
                [3.06146, 39.62137],
                [3.06175, 39.62119],
                [3.06215, 39.62102],
                [3.06253, 39.62087],
                [3.06289, 39.62076],
                [3.06332, 39.62069],
                [3.06415, 39.62064],
                [3.06454, 39.62065],
                [3.0649, 39.6207],
                [3.06528, 39.62077],
                [3.06568, 39.62087],
                [3.06641, 39.62109],
                [3.06739, 39.62147],
                [3.06775, 39.62157],
                [3.06816, 39.62168],
                [3.06891, 39.6218],
                [3.06988, 39.62186],
                [3.07079, 39.6218],
                [3.07119, 39.62173],
                [3.07215, 39.62149],
                [3.07294, 39.62125],
                [3.0873, 39.61663],
                [3.08883, 39.6162],
                [3.08976, 39.61604],
                [3.09022, 39.61599],
                [3.09071, 39.61595],
                [3.09127, 39.61595],
                [3.09202, 39.61596],
                [3.10494, 39.61658],
                [3.10696, 39.61669],
                [3.10733, 39.61675],
                [3.10803, 39.61694],
                [3.10981, 39.61769],
                [3.11062, 39.61807],
                [3.11112, 39.61828],
                [3.11202, 39.61867],
                [3.11269, 39.61893],
                [3.11327, 39.61912],
                [3.11378, 39.61926],
                [3.11441, 39.61937],
                [3.1148, 39.61941],
                [3.11532, 39.61945],
                [3.11626, 39.61943],
                [3.11678, 39.61938],
                [3.11726, 39.6193],
                [3.11775, 39.61919],
                [3.11818, 39.61906],
                [3.11865, 39.6189],
                [3.11908, 39.61872],
                [3.11951, 39.61851],
                [3.11995, 39.61825],
                [3.12056, 39.61782],
                [3.12096, 39.61745],
                [3.12151, 39.61681],
                [3.12172, 39.6165],
                [3.12246, 39.6152],
                [3.12326, 39.6137],
                [3.12396, 39.61248],
                [3.12564, 39.6094],
                [3.12607, 39.60864],
                [3.12637, 39.60797],
                [3.12647, 39.60767],
                [3.12653, 39.60738],
                [3.12657, 39.60698],
                [3.12646, 39.60629],
                [3.1264, 39.60599],
                [3.126, 39.60489],
                [3.12589, 39.6045],
                [3.12583, 39.60419],
                [3.1258, 39.60365],
                [3.12588, 39.60295],
                [3.12604, 39.60243],
                [3.12615, 39.60221],
                [3.12636, 39.60182],
                [3.12667, 39.60135],
                [3.12705, 39.60088],
                [3.129, 39.59833],
                [3.13036, 39.59661],
                [3.13176, 39.59478],
                [3.1322, 39.59426],
                [3.13252, 39.59395],
                [3.13316, 39.59339],
                [3.13358, 39.59308],
                [3.13436, 39.59258],
                [3.13507, 39.59221],
                [3.13832, 39.59068],
                [3.13956, 39.59014],
                [3.14591, 39.58714],
                [3.15955, 39.58078],
                [3.16243, 39.5794],
                [3.17181, 39.57503],
                [3.17303, 39.57435],
                [3.17372, 39.57389],
                [3.17404, 39.57363],
                [3.17579, 39.57234],
                [3.17717, 39.57137],
                [3.18183, 39.568],
                [3.18252, 39.56749],
                [3.18369, 39.56665],
                [3.18432, 39.56628],
                [3.18473, 39.56606],
                [3.18521, 39.5659],
                [3.18569, 39.56575],
                [3.18623, 39.56564],
                [3.18674, 39.56557],
                [3.18711, 39.56555],
                [3.1877, 39.56554],
                [3.18815, 39.56555],
                [3.18856, 39.5656],
                [3.18945, 39.56578],
                [3.19667, 39.56826],
                [3.19808, 39.56877],
                [3.199, 39.56906],
                [3.20125, 39.56983],
                [3.20179, 39.57003],
                [3.20218, 39.57024]
              ]
            ]
          }
        }, {
          "type": "Feature",
          "properties": {
            "stop_id": "55_1023_2",
            "stop_name": "Palma Intermodal Andén 2",
            "parent_station": "1023",
            "platform_code": "2",
            "routes": [{
              "route_id": "55_4",
              "agency_id": "55",
              "route_short_name": "M1",
              "route_long_name": "Metro UIB",
              "route_type": 1,
              "route_url": "https://www.tib.org/web/ctm/metro/linia/M1",
              "route_color": "#FF9933",
              "route_text_color": "#000000"
            }],
            "agency_name": "SFM"
          },
          "geometry": {
            "type": "Point",
            "coordinates": [2.65419, 39.57636]
          }
        }, {
          "type": "Feature",
          "properties": {
            "stop_id": "55_1023_7",
            "stop_name": "Palma Intermodal Andén 7",
            "parent_station": "1023",
            "platform_code": "7",
            "routes": [{
              "route_id": "55_2",
              "agency_id": "55",
              "route_short_name": "T2",
              "route_long_name": "Tren Sa Pobla",
              "route_type": 2,
              "route_url": "https://www.tib.org/web/ctm/tren/linia/T2",
              "route_color": "#AFD9F1",
              "route_text_color": "#000000"
            }, {
              "route_id": "55_3",
              "agency_id": "55",
              "route_short_name": "T3",
              "route_long_name": "Tren Manacor",
              "route_type": 2,
              "route_url": "https://www.tib.org/web/ctm/tren/linia/T3",
              "route_color": "#FBEB82",
              "route_text_color": "#000000"
            }],
            "agency_name": "SFM"
          },
          "geometry": {
            "type": "Point",
            "coordinates": [2.65419, 39.57636]
          }
        }, {
          "type": "Feature",
          "properties": {
            "stop_id": "55_1023_8",
            "stop_name": "Palma Intermodal Andén 8",
            "parent_station": "1023",
            "platform_code": "8",
            "routes": [{
              "route_id": "55_2",
              "agency_id": "55",
              "route_short_name": "T2",
              "route_long_name": "Tren Sa Pobla",
              "route_type": 2,
              "route_url": "https://www.tib.org/web/ctm/tren/linia/T2",
              "route_color": "#AFD9F1",
              "route_text_color": "#000000"
            }, {
              "route_id": "55_3",
              "agency_id": "55",
              "route_short_name": "T3",
              "route_long_name": "Tren Manacor",
              "route_type": 2,
              "route_url": "https://www.tib.org/web/ctm/tren/linia/T3",
              "route_color": "#FBEB82",
              "route_text_color": "#000000"
            }],
            "agency_name": "SFM"
          },
          "geometry": {
            "type": "Point",
            "coordinates": [2.65419, 39.57636]
          }
        }, {
          "type": "Feature",
          "properties": {
            "stop_id": "55_1023_9",
            "stop_name": "Palma Intermodal Andén 9",
            "parent_station": "1023",
            "platform_code": "9",
            "routes": [{
              "route_id": "55_1",
              "agency_id": "55",
              "route_short_name": "T1",
              "route_long_name": "Tren Inca",
              "route_type": 2,
              "route_url": "https://www.tib.org/web/ctm/tren/linia/T1",
              "route_color": "#BBE6AA",
              "route_text_color": "#000000"
            }],
            "agency_name": "SFM"
          },
          "geometry": {
            "type": "Point",
            "coordinates": [2.65419, 39.57636]
          }
        }, {
          "type": "Feature",
          "properties": {
            "stop_id": "55_1024_1",
            "stop_name": "Jacint Verdaguer Andén 1",
            "parent_station": "1024",
            "platform_code": "1",
            "routes": [{
              "route_id": "55_1",
              "agency_id": "55",
              "route_short_name": "T1",
              "route_long_name": "Tren Inca",
              "route_type": 2,
              "route_url": "https://www.tib.org/web/ctm/tren/linia/T1",
              "route_color": "#BBE6AA",
              "route_text_color": "#000000"
            }, {
              "route_id": "55_2",
              "agency_id": "55",
              "route_short_name": "T2",
              "route_long_name": "Tren Sa Pobla",
              "route_type": 2,
              "route_url": "https://www.tib.org/web/ctm/tren/linia/T2",
              "route_color": "#AFD9F1",
              "route_text_color": "#000000"
            }, {
              "route_id": "55_3",
              "agency_id": "55",
              "route_short_name": "T3",
              "route_long_name": "Tren Manacor",
              "route_type": 2,
              "route_url": "https://www.tib.org/web/ctm/tren/linia/T3",
              "route_color": "#FBEB82",
              "route_text_color": "#000000"
            }],
            "agency_name": "SFM"
          },
          "geometry": {
            "type": "Point",
            "coordinates": [2.66027, 39.58032]
          }
        }, {
          "type": "Feature",
          "properties": {
            "stop_id": "55_1024_2",
            "stop_name": "Jacint Verdaguer Andén 2",
            "parent_station": "1024",
            "platform_code": "2",
            "routes": [{
              "route_id": "55_2",
              "agency_id": "55",
              "route_short_name": "T2",
              "route_long_name": "Tren Sa Pobla",
              "route_type": 2,
              "route_url": "https://www.tib.org/web/ctm/tren/linia/T2",
              "route_color": "#AFD9F1",
              "route_text_color": "#000000"
            }, {
              "route_id": "55_3",
              "agency_id": "55",
              "route_short_name": "T3",
              "route_long_name": "Tren Manacor",
              "route_type": 2,
              "route_url": "https://www.tib.org/web/ctm/tren/linia/T3",
              "route_color": "#FBEB82",
              "route_text_color": "#000000"
            }],
            "agency_name": "SFM"
          },
          "geometry": {
            "type": "Point",
            "coordinates": [2.66027, 39.58032]
          }
        }, {
          "type": "Feature",
          "properties": {
            "stop_id": "55_1024_3",
            "stop_name": "Jacint Verdaguer Andén 3",
            "parent_station": "1024",
            "platform_code": "3",
            "routes": [{
              "route_id": "55_4",
              "agency_id": "55",
              "route_short_name": "M1",
              "route_long_name": "Metro UIB",
              "route_type": 1,
              "route_url": "https://www.tib.org/web/ctm/metro/linia/M1",
              "route_color": "#FF9933",
              "route_text_color": "#000000"
            }],
            "agency_name": "SFM"
          },
          "geometry": {
            "type": "Point",
            "coordinates": [2.66027, 39.58032]
          }
        }, {
          "type": "Feature",
          "properties": {
            "stop_id": "55_1024_4",
            "stop_name": "Jacint Verdaguer Andén 4",
            "parent_station": "1024",
            "platform_code": "4",
            "routes": [{
              "route_id": "55_4",
              "agency_id": "55",
              "route_short_name": "M1",
              "route_long_name": "Metro UIB",
              "route_type": 1,
              "route_url": "https://www.tib.org/web/ctm/metro/linia/M1",
              "route_color": "#FF9933",
              "route_text_color": "#000000"
            }],
            "agency_name": "SFM"
          },
          "geometry": {
            "type": "Point",
            "coordinates": [2.66027, 39.58032]
          }
        }, {
          "type": "Feature",
          "properties": {
            "stop_id": "55_1025_1",
            "stop_name": "Son Costa Andén 1",
            "parent_station": "1025",
            "platform_code": "1",
            "routes": [{
              "route_id": "55_1",
              "agency_id": "55",
              "route_short_name": "T1",
              "route_long_name": "Tren Inca",
              "route_type": 2,
              "route_url": "https://www.tib.org/web/ctm/tren/linia/T1",
              "route_color": "#BBE6AA",
              "route_text_color": "#000000"
            }, {
              "route_id": "55_2",
              "agency_id": "55",
              "route_short_name": "T2",
              "route_long_name": "Tren Sa Pobla",
              "route_type": 2,
              "route_url": "https://www.tib.org/web/ctm/tren/linia/T2",
              "route_color": "#AFD9F1",
              "route_text_color": "#000000"
            }, {
              "route_id": "55_3",
              "agency_id": "55",
              "route_short_name": "T3",
              "route_long_name": "Tren Manacor",
              "route_type": 2,
              "route_url": "https://www.tib.org/web/ctm/tren/linia/T3",
              "route_color": "#FBEB82",
              "route_text_color": "#000000"
            }],
            "agency_name": "SFM"
          },
          "geometry": {
            "type": "Point",
            "coordinates": [2.66569, 39.58407]
          }
        }, {
          "type": "Feature",
          "properties": {
            "stop_id": "55_1025_2",
            "stop_name": "Son Costa Andén 2",
            "parent_station": "1025",
            "platform_code": "2",
            "routes": [{
              "route_id": "55_2",
              "agency_id": "55",
              "route_short_name": "T2",
              "route_long_name": "Tren Sa Pobla",
              "route_type": 2,
              "route_url": "https://www.tib.org/web/ctm/tren/linia/T2",
              "route_color": "#AFD9F1",
              "route_text_color": "#000000"
            }, {
              "route_id": "55_3",
              "agency_id": "55",
              "route_short_name": "T3",
              "route_long_name": "Tren Manacor",
              "route_type": 2,
              "route_url": "https://www.tib.org/web/ctm/tren/linia/T3",
              "route_color": "#FBEB82",
              "route_text_color": "#000000"
            }],
            "agency_name": "SFM"
          },
          "geometry": {
            "type": "Point",
            "coordinates": [2.66569, 39.58407]
          }
        }, {
          "type": "Feature",
          "properties": {
            "stop_id": "55_1025_3",
            "stop_name": "Son Costa Andén 3",
            "parent_station": "1025",
            "platform_code": "3",
            "routes": [{
              "route_id": "55_4",
              "agency_id": "55",
              "route_short_name": "M1",
              "route_long_name": "Metro UIB",
              "route_type": 1,
              "route_url": "https://www.tib.org/web/ctm/metro/linia/M1",
              "route_color": "#FF9933",
              "route_text_color": "#000000"
            }],
            "agency_name": "SFM"
          },
          "geometry": {
            "type": "Point",
            "coordinates": [2.66569, 39.58407]
          }
        }, {
          "type": "Feature",
          "properties": {
            "stop_id": "55_1025_4",
            "stop_name": "Son Costa Andén 4",
            "parent_station": "1025",
            "platform_code": "4",
            "routes": [{
              "route_id": "55_4",
              "agency_id": "55",
              "route_short_name": "M1",
              "route_long_name": "Metro UIB",
              "route_type": 1,
              "route_url": "https://www.tib.org/web/ctm/metro/linia/M1",
              "route_color": "#FF9933",
              "route_text_color": "#000000"
            }],
            "agency_name": "SFM"
          },
          "geometry": {
            "type": "Point",
            "coordinates": [2.66569, 39.58407]
          }
        }, {
          "type": "Feature",
          "properties": {
            "stop_id": "55_1002_2",
            "stop_name": "Son Fuster Andén 2",
            "parent_station": "1002",
            "platform_code": "2",
            "routes": [{
              "route_id": "55_1",
              "agency_id": "55",
              "route_short_name": "T1",
              "route_long_name": "Tren Inca",
              "route_type": 2,
              "route_url": "https://www.tib.org/web/ctm/tren/linia/T1",
              "route_color": "#BBE6AA",
              "route_text_color": "#000000"
            }, {
              "route_id": "55_2",
              "agency_id": "55",
              "route_short_name": "T2",
              "route_long_name": "Tren Sa Pobla",
              "route_type": 2,
              "route_url": "https://www.tib.org/web/ctm/tren/linia/T2",
              "route_color": "#AFD9F1",
              "route_text_color": "#000000"
            }, {
              "route_id": "55_3",
              "agency_id": "55",
              "route_short_name": "T3",
              "route_long_name": "Tren Manacor",
              "route_type": 2,
              "route_url": "https://www.tib.org/web/ctm/tren/linia/T3",
              "route_color": "#FBEB82",
              "route_text_color": "#000000"
            }],
            "agency_name": "SFM"
          },
          "geometry": {
            "type": "Point",
            "coordinates": [2.67471, 39.59031]
          }
        }, {
          "type": "Feature",
          "properties": {
            "stop_id": "55_1004_2",
            "stop_name": "Verge de Lluc Andén 2",
            "parent_station": "1004",
            "platform_code": "2",
            "routes": [{
              "route_id": "55_1",
              "agency_id": "55",
              "route_short_name": "T1",
              "route_long_name": "Tren Inca",
              "route_type": 2,
              "route_url": "https://www.tib.org/web/ctm/tren/linia/T1",
              "route_color": "#BBE6AA",
              "route_text_color": "#000000"
            }, {
              "route_id": "55_2",
              "agency_id": "55",
              "route_short_name": "T2",
              "route_long_name": "Tren Sa Pobla",
              "route_type": 2,
              "route_url": "https://www.tib.org/web/ctm/tren/linia/T2",
              "route_color": "#AFD9F1",
              "route_text_color": "#000000"
            }, {
              "route_id": "55_3",
              "agency_id": "55",
              "route_short_name": "T3",
              "route_long_name": "Tren Manacor",
              "route_type": 2,
              "route_url": "https://www.tib.org/web/ctm/tren/linia/T3",
              "route_color": "#FBEB82",
              "route_text_color": "#000000"
            }],
            "agency_name": "SFM"
          },
          "geometry": {
            "type": "Point",
            "coordinates": [2.68641, 39.59673]
          }
        }, {
          "type": "Feature",
          "properties": {
            "stop_id": "55_1005_2",
            "stop_name": "Pont d'Inca Andén 2",
            "parent_station": "1005",
            "platform_code": "2",
            "routes": [{
              "route_id": "55_1",
              "agency_id": "55",
              "route_short_name": "T1",
              "route_long_name": "Tren Inca",
              "route_type": 2,
              "route_url": "https://www.tib.org/web/ctm/tren/linia/T1",
              "route_color": "#BBE6AA",
              "route_text_color": "#000000"
            }, {
              "route_id": "55_2",
              "agency_id": "55",
              "route_short_name": "T2",
              "route_long_name": "Tren Sa Pobla",
              "route_type": 2,
              "route_url": "https://www.tib.org/web/ctm/tren/linia/T2",
              "route_color": "#AFD9F1",
              "route_text_color": "#000000"
            }, {
              "route_id": "55_3",
              "agency_id": "55",
              "route_short_name": "T3",
              "route_long_name": "Tren Manacor",
              "route_type": 2,
              "route_url": "https://www.tib.org/web/ctm/tren/linia/T3",
              "route_color": "#FBEB82",
              "route_text_color": "#000000"
            }],
            "agency_name": "SFM"
          },
          "geometry": {
            "type": "Point",
            "coordinates": [2.69174, 39.5981]
          }
        }, {
          "type": "Feature",
          "properties": {
            "stop_id": "55_1006_2",
            "stop_name": "Pont d'Inca Nou Andén 2",
            "parent_station": "1006",
            "platform_code": "2",
            "routes": [{
              "route_id": "55_1",
              "agency_id": "55",
              "route_short_name": "T1",
              "route_long_name": "Tren Inca",
              "route_type": 2,
              "route_url": "https://www.tib.org/web/ctm/tren/linia/T1",
              "route_color": "#BBE6AA",
              "route_text_color": "#000000"
            }, {
              "route_id": "55_2",
              "agency_id": "55",
              "route_short_name": "T2",
              "route_long_name": "Tren Sa Pobla",
              "route_type": 2,
              "route_url": "https://www.tib.org/web/ctm/tren/linia/T2",
              "route_color": "#AFD9F1",
              "route_text_color": "#000000"
            }, {
              "route_id": "55_3",
              "agency_id": "55",
              "route_short_name": "T3",
              "route_long_name": "Tren Manacor",
              "route_type": 2,
              "route_url": "https://www.tib.org/web/ctm/tren/linia/T3",
              "route_color": "#FBEB82",
              "route_text_color": "#000000"
            }],
            "agency_name": "SFM"
          },
          "geometry": {
            "type": "Point",
            "coordinates": [2.70145, 39.60448]
          }
        }, {
          "type": "Feature",
          "properties": {
            "stop_id": "55_1007_1",
            "stop_name": "Pol. de Marratxí Andén 1",
            "parent_station": "1007",
            "platform_code": "1",
            "routes": [{
              "route_id": "55_3",
              "agency_id": "55",
              "route_short_name": "T3",
              "route_long_name": "Tren Manacor",
              "route_type": 2,
              "route_url": "https://www.tib.org/web/ctm/tren/linia/T3",
              "route_color": "#FBEB82",
              "route_text_color": "#000000"
            }],
            "agency_name": "SFM"
          },
          "geometry": {
            "type": "Point",
            "coordinates": [2.71689, 39.61554]
          }
        }, {
          "type": "Feature",
          "properties": {
            "stop_id": "55_1007_2",
            "stop_name": "Pol. de Marratxí Andén 2",
            "parent_station": "1007",
            "platform_code": "2",
            "routes": [{
              "route_id": "55_1",
              "agency_id": "55",
              "route_short_name": "T1",
              "route_long_name": "Tren Inca",
              "route_type": 2,
              "route_url": "https://www.tib.org/web/ctm/tren/linia/T1",
              "route_color": "#BBE6AA",
              "route_text_color": "#000000"
            }, {
              "route_id": "55_2",
              "agency_id": "55",
              "route_short_name": "T2",
              "route_long_name": "Tren Sa Pobla",
              "route_type": 2,
              "route_url": "https://www.tib.org/web/ctm/tren/linia/T2",
              "route_color": "#AFD9F1",
              "route_text_color": "#000000"
            }, {
              "route_id": "55_3",
              "agency_id": "55",
              "route_short_name": "T3",
              "route_long_name": "Tren Manacor",
              "route_type": 2,
              "route_url": "https://www.tib.org/web/ctm/tren/linia/T3",
              "route_color": "#FBEB82",
              "route_text_color": "#000000"
            }],
            "agency_name": "SFM"
          },
          "geometry": {
            "type": "Point",
            "coordinates": [2.71689, 39.61554]
          }
        }, {
          "type": "Feature",
          "properties": {
            "stop_id": "55_1008_1",
            "stop_name": "Marratxí Andén 1",
            "parent_station": "1008",
            "platform_code": "1",
            "routes": [{
              "route_id": "55_1",
              "agency_id": "55",
              "route_short_name": "T1",
              "route_long_name": "Tren Inca",
              "route_type": 2,
              "route_url": "https://www.tib.org/web/ctm/tren/linia/T1",
              "route_color": "#BBE6AA",
              "route_text_color": "#000000"
            }, {
              "route_id": "55_2",
              "agency_id": "55",
              "route_short_name": "T2",
              "route_long_name": "Tren Sa Pobla",
              "route_type": 2,
              "route_url": "https://www.tib.org/web/ctm/tren/linia/T2",
              "route_color": "#AFD9F1",
              "route_text_color": "#000000"
            }, {
              "route_id": "55_3",
              "agency_id": "55",
              "route_short_name": "T3",
              "route_long_name": "Tren Manacor",
              "route_type": 2,
              "route_url": "https://www.tib.org/web/ctm/tren/linia/T3",
              "route_color": "#FBEB82",
              "route_text_color": "#000000"
            }],
            "agency_name": "SFM"
          },
          "geometry": {
            "type": "Point",
            "coordinates": [2.72568, 39.62573]
          }
        }, {
          "type": "Feature",
          "properties": {
            "stop_id": "55_1008_2",
            "stop_name": "Marratxí Andén 2",
            "parent_station": "1008",
            "platform_code": "2",
            "routes": [{
              "route_id": "55_2",
              "agency_id": "55",
              "route_short_name": "T2",
              "route_long_name": "Tren Sa Pobla",
              "route_type": 2,
              "route_url": "https://www.tib.org/web/ctm/tren/linia/T2",
              "route_color": "#AFD9F1",
              "route_text_color": "#000000"
            }, {
              "route_id": "55_3",
              "agency_id": "55",
              "route_short_name": "T3",
              "route_long_name": "Tren Manacor",
              "route_type": 2,
              "route_url": "https://www.tib.org/web/ctm/tren/linia/T3",
              "route_color": "#FBEB82",
              "route_text_color": "#000000"
            }],
            "agency_name": "SFM"
          },
          "geometry": {
            "type": "Point",
            "coordinates": [2.72568, 39.62573]
          }
        }, {
          "type": "Feature",
          "properties": {
            "stop_id": "55_1009_1",
            "stop_name": "Es Caülls Andén 1",
            "parent_station": "1009",
            "platform_code": "1",
            "routes": [{
              "route_id": "55_1",
              "agency_id": "55",
              "route_short_name": "T1",
              "route_long_name": "Tren Inca",
              "route_type": 2,
              "route_url": "https://www.tib.org/web/ctm/tren/linia/T1",
              "route_color": "#BBE6AA",
              "route_text_color": "#000000"
            }, {
              "route_id": "55_2",
              "agency_id": "55",
              "route_short_name": "T2",
              "route_long_name": "Tren Sa Pobla",
              "route_type": 2,
              "route_url": "https://www.tib.org/web/ctm/tren/linia/T2",
              "route_color": "#AFD9F1",
              "route_text_color": "#000000"
            }, {
              "route_id": "55_3",
              "agency_id": "55",
              "route_short_name": "T3",
              "route_long_name": "Tren Manacor",
              "route_type": 2,
              "route_url": "https://www.tib.org/web/ctm/tren/linia/T3",
              "route_color": "#FBEB82",
              "route_text_color": "#000000"
            }],
            "agency_name": "SFM"
          },
          "geometry": {
            "type": "Point",
            "coordinates": [2.7365, 39.632]
          }
        }, {
          "type": "Feature",
          "properties": {
            "stop_id": "55_1009_2",
            "stop_name": "Es Caülls Andén 2",
            "parent_station": "1009",
            "platform_code": "2",
            "routes": [{
              "route_id": "55_2",
              "agency_id": "55",
              "route_short_name": "T2",
              "route_long_name": "Tren Sa Pobla",
              "route_type": 2,
              "route_url": "https://www.tib.org/web/ctm/tren/linia/T2",
              "route_color": "#AFD9F1",
              "route_text_color": "#000000"
            }, {
              "route_id": "55_3",
              "agency_id": "55",
              "route_short_name": "T3",
              "route_long_name": "Tren Manacor",
              "route_type": 2,
              "route_url": "https://www.tib.org/web/ctm/tren/linia/T3",
              "route_color": "#FBEB82",
              "route_text_color": "#000000"
            }],
            "agency_name": "SFM"
          },
          "geometry": {
            "type": "Point",
            "coordinates": [2.7365, 39.632]
          }
        }, {
          "type": "Feature",
          "properties": {
            "stop_id": "55_1010_1",
            "stop_name": "Santa Maria Andén 1",
            "parent_station": "1010",
            "platform_code": "1",
            "routes": [{
              "route_id": "55_1",
              "agency_id": "55",
              "route_short_name": "T1",
              "route_long_name": "Tren Inca",
              "route_type": 2,
              "route_url": "https://www.tib.org/web/ctm/tren/linia/T1",
              "route_color": "#BBE6AA",
              "route_text_color": "#000000"
            }, {
              "route_id": "55_2",
              "agency_id": "55",
              "route_short_name": "T2",
              "route_long_name": "Tren Sa Pobla",
              "route_type": 2,
              "route_url": "https://www.tib.org/web/ctm/tren/linia/T2",
              "route_color": "#AFD9F1",
              "route_text_color": "#000000"
            }, {
              "route_id": "55_3",
              "agency_id": "55",
              "route_short_name": "T3",
              "route_long_name": "Tren Manacor",
              "route_type": 2,
              "route_url": "https://www.tib.org/web/ctm/tren/linia/T3",
              "route_color": "#FBEB82",
              "route_text_color": "#000000"
            }],
            "agency_name": "SFM"
          },
          "geometry": {
            "type": "Point",
            "coordinates": [2.77424, 39.65321]
          }
        }, {
          "type": "Feature",
          "properties": {
            "stop_id": "55_1010_2",
            "stop_name": "Santa Maria Andén 2",
            "parent_station": "1010",
            "platform_code": "2",
            "routes": [{
              "route_id": "55_2",
              "agency_id": "55",
              "route_short_name": "T2",
              "route_long_name": "Tren Sa Pobla",
              "route_type": 2,
              "route_url": "https://www.tib.org/web/ctm/tren/linia/T2",
              "route_color": "#AFD9F1",
              "route_text_color": "#000000"
            }, {
              "route_id": "55_3",
              "agency_id": "55",
              "route_short_name": "T3",
              "route_long_name": "Tren Manacor",
              "route_type": 2,
              "route_url": "https://www.tib.org/web/ctm/tren/linia/T3",
              "route_color": "#FBEB82",
              "route_text_color": "#000000"
            }],
            "agency_name": "SFM"
          },
          "geometry": {
            "type": "Point",
            "coordinates": [2.77424, 39.65321]
          }
        }, {
          "type": "Feature",
          "properties": {
            "stop_id": "55_1011_1",
            "stop_name": "Consell Alaró Andén 1",
            "parent_station": "1011",
            "platform_code": "1",
            "routes": [{
              "route_id": "55_1",
              "agency_id": "55",
              "route_short_name": "T1",
              "route_long_name": "Tren Inca",
              "route_type": 2,
              "route_url": "https://www.tib.org/web/ctm/tren/linia/T1",
              "route_color": "#BBE6AA",
              "route_text_color": "#000000"
            }, {
              "route_id": "55_2",
              "agency_id": "55",
              "route_short_name": "T2",
              "route_long_name": "Tren Sa Pobla",
              "route_type": 2,
              "route_url": "https://www.tib.org/web/ctm/tren/linia/T2",
              "route_color": "#AFD9F1",
              "route_text_color": "#000000"
            }, {
              "route_id": "55_3",
              "agency_id": "55",
              "route_short_name": "T3",
              "route_long_name": "Tren Manacor",
              "route_type": 2,
              "route_url": "https://www.tib.org/web/ctm/tren/linia/T3",
              "route_color": "#FBEB82",
              "route_text_color": "#000000"
            }],
            "agency_name": "SFM"
          },
          "geometry": {
            "type": "Point",
            "coordinates": [2.80825, 39.67739]
          }
        }, {
          "type": "Feature",
          "properties": {
            "stop_id": "55_1011_2",
            "stop_name": "Consell Alaró Andén 2",
            "parent_station": "1011",
            "platform_code": "2",
            "routes": [{
              "route_id": "55_2",
              "agency_id": "55",
              "route_short_name": "T2",
              "route_long_name": "Tren Sa Pobla",
              "route_type": 2,
              "route_url": "https://www.tib.org/web/ctm/tren/linia/T2",
              "route_color": "#AFD9F1",
              "route_text_color": "#000000"
            }, {
              "route_id": "55_3",
              "agency_id": "55",
              "route_short_name": "T3",
              "route_long_name": "Tren Manacor",
              "route_type": 2,
              "route_url": "https://www.tib.org/web/ctm/tren/linia/T3",
              "route_color": "#FBEB82",
              "route_text_color": "#000000"
            }],
            "agency_name": "SFM"
          },
          "geometry": {
            "type": "Point",
            "coordinates": [2.80825, 39.67739]
          }
        }, {
          "type": "Feature",
          "properties": {
            "stop_id": "55_1012_1",
            "stop_name": "Binissalem Andén 1",
            "parent_station": "1012",
            "platform_code": "1",
            "routes": [{
              "route_id": "55_1",
              "agency_id": "55",
              "route_short_name": "T1",
              "route_long_name": "Tren Inca",
              "route_type": 2,
              "route_url": "https://www.tib.org/web/ctm/tren/linia/T1",
              "route_color": "#BBE6AA",
              "route_text_color": "#000000"
            }, {
              "route_id": "55_2",
              "agency_id": "55",
              "route_short_name": "T2",
              "route_long_name": "Tren Sa Pobla",
              "route_type": 2,
              "route_url": "https://www.tib.org/web/ctm/tren/linia/T2",
              "route_color": "#AFD9F1",
              "route_text_color": "#000000"
            }, {
              "route_id": "55_3",
              "agency_id": "55",
              "route_short_name": "T3",
              "route_long_name": "Tren Manacor",
              "route_type": 2,
              "route_url": "https://www.tib.org/web/ctm/tren/linia/T3",
              "route_color": "#FBEB82",
              "route_text_color": "#000000"
            }],
            "agency_name": "SFM"
          },
          "geometry": {
            "type": "Point",
            "coordinates": [2.84144, 39.69263]
          }
        }, {
          "type": "Feature",
          "properties": {
            "stop_id": "55_1012_2",
            "stop_name": "Binissalem Andén 2",
            "parent_station": "1012",
            "platform_code": "2",
            "routes": [{
              "route_id": "55_2",
              "agency_id": "55",
              "route_short_name": "T2",
              "route_long_name": "Tren Sa Pobla",
              "route_type": 2,
              "route_url": "https://www.tib.org/web/ctm/tren/linia/T2",
              "route_color": "#AFD9F1",
              "route_text_color": "#000000"
            }, {
              "route_id": "55_3",
              "agency_id": "55",
              "route_short_name": "T3",
              "route_long_name": "Tren Manacor",
              "route_type": 2,
              "route_url": "https://www.tib.org/web/ctm/tren/linia/T3",
              "route_color": "#FBEB82",
              "route_text_color": "#000000"
            }],
            "agency_name": "SFM"
          },
          "geometry": {
            "type": "Point",
            "coordinates": [2.84144, 39.69263]
          }
        }, {
          "type": "Feature",
          "properties": {
            "stop_id": "55_1013_1",
            "stop_name": "Lloseta Andén 1",
            "parent_station": "1013",
            "platform_code": "1",
            "routes": [{
              "route_id": "55_1",
              "agency_id": "55",
              "route_short_name": "T1",
              "route_long_name": "Tren Inca",
              "route_type": 2,
              "route_url": "https://www.tib.org/web/ctm/tren/linia/T1",
              "route_color": "#BBE6AA",
              "route_text_color": "#000000"
            }, {
              "route_id": "55_2",
              "agency_id": "55",
              "route_short_name": "T2",
              "route_long_name": "Tren Sa Pobla",
              "route_type": 2,
              "route_url": "https://www.tib.org/web/ctm/tren/linia/T2",
              "route_color": "#AFD9F1",
              "route_text_color": "#000000"
            }, {
              "route_id": "55_3",
              "agency_id": "55",
              "route_short_name": "T3",
              "route_long_name": "Tren Manacor",
              "route_type": 2,
              "route_url": "https://www.tib.org/web/ctm/tren/linia/T3",
              "route_color": "#FBEB82",
              "route_text_color": "#000000"
            }],
            "agency_name": "SFM"
          },
          "geometry": {
            "type": "Point",
            "coordinates": [2.86905, 39.71623]
          }
        }, {
          "type": "Feature",
          "properties": {
            "stop_id": "55_1013_2",
            "stop_name": "Lloseta Andén 2",
            "parent_station": "1013",
            "platform_code": "2",
            "routes": [{
              "route_id": "55_2",
              "agency_id": "55",
              "route_short_name": "T2",
              "route_long_name": "Tren Sa Pobla",
              "route_type": 2,
              "route_url": "https://www.tib.org/web/ctm/tren/linia/T2",
              "route_color": "#AFD9F1",
              "route_text_color": "#000000"
            }, {
              "route_id": "55_3",
              "agency_id": "55",
              "route_short_name": "T3",
              "route_long_name": "Tren Manacor",
              "route_type": 2,
              "route_url": "https://www.tib.org/web/ctm/tren/linia/T3",
              "route_color": "#FBEB82",
              "route_text_color": "#000000"
            }],
            "agency_name": "SFM"
          },
          "geometry": {
            "type": "Point",
            "coordinates": [2.86905, 39.71623]
          }
        }, {
          "type": "Feature",
          "properties": {
            "stop_id": "55_1014_1",
            "stop_name": "Inca Andén 1",
            "parent_station": "1014",
            "platform_code": "1",
            "routes": [{
              "route_id": "55_1",
              "agency_id": "55",
              "route_short_name": "T1",
              "route_long_name": "Tren Inca",
              "route_type": 2,
              "route_url": "https://www.tib.org/web/ctm/tren/linia/T1",
              "route_color": "#BBE6AA",
              "route_text_color": "#000000"
            }, {
              "route_id": "55_2",
              "agency_id": "55",
              "route_short_name": "T2",
              "route_long_name": "Tren Sa Pobla",
              "route_type": 2,
              "route_url": "https://www.tib.org/web/ctm/tren/linia/T2",
              "route_color": "#AFD9F1",
              "route_text_color": "#000000"
            }, {
              "route_id": "55_3",
              "agency_id": "55",
              "route_short_name": "T3",
              "route_long_name": "Tren Manacor",
              "route_type": 2,
              "route_url": "https://www.tib.org/web/ctm/tren/linia/T3",
              "route_color": "#FBEB82",
              "route_text_color": "#000000"
            }],
            "agency_name": "SFM"
          },
          "geometry": {
            "type": "Point",
            "coordinates": [2.90588, 39.71811]
          }
        }, {
          "type": "Feature",
          "properties": {
            "stop_id": "55_1014_2",
            "stop_name": "Inca Andén 2",
            "parent_station": "1014",
            "platform_code": "2",
            "routes": [{
              "route_id": "55_2",
              "agency_id": "55",
              "route_short_name": "T2",
              "route_long_name": "Tren Sa Pobla",
              "route_type": 2,
              "route_url": "https://www.tib.org/web/ctm/tren/linia/T2",
              "route_color": "#AFD9F1",
              "route_text_color": "#000000"
            }, {
              "route_id": "55_3",
              "agency_id": "55",
              "route_short_name": "T3",
              "route_long_name": "Tren Manacor",
              "route_type": 2,
              "route_url": "https://www.tib.org/web/ctm/tren/linia/T3",
              "route_color": "#FBEB82",
              "route_text_color": "#000000"
            }],
            "agency_name": "SFM"
          },
          "geometry": {
            "type": "Point",
            "coordinates": [2.90588, 39.71811]
          }
        }, {
          "type": "Feature",
          "properties": {
            "stop_id": "55_1015_1",
            "stop_name": "Enllaç Andén 1",
            "parent_station": "1015",
            "platform_code": "1",
            "routes": [{
              "route_id": "55_2",
              "agency_id": "55",
              "route_short_name": "T2",
              "route_long_name": "Tren Sa Pobla",
              "route_type": 2,
              "route_url": "https://www.tib.org/web/ctm/tren/linia/T2",
              "route_color": "#AFD9F1",
              "route_text_color": "#000000"
            }],
            "agency_name": "SFM"
          },
          "geometry": {
            "type": "Point",
            "coordinates": [2.95129, 39.69075]
          }
        }, {
          "type": "Feature",
          "properties": {
            "stop_id": "55_1015_2",
            "stop_name": "Enllaç Andén 2",
            "parent_station": "1015",
            "platform_code": "2",
            "routes": [{
              "route_id": "55_2",
              "agency_id": "55",
              "route_short_name": "T2",
              "route_long_name": "Tren Sa Pobla",
              "route_type": 2,
              "route_url": "https://www.tib.org/web/ctm/tren/linia/T2",
              "route_color": "#AFD9F1",
              "route_text_color": "#000000"
            }],
            "agency_name": "SFM"
          },
          "geometry": {
            "type": "Point",
            "coordinates": [2.95129, 39.69075]
          }
        }, {
          "type": "Feature",
          "properties": {
            "stop_id": "55_1016_1",
            "stop_name": "Llubí Andén 1",
            "parent_station": "1016",
            "platform_code": "1",
            "routes": [{
              "route_id": "55_2",
              "agency_id": "55",
              "route_short_name": "T2",
              "route_long_name": "Tren Sa Pobla",
              "route_type": 2,
              "route_url": "https://www.tib.org/web/ctm/tren/linia/T2",
              "route_color": "#AFD9F1",
              "route_text_color": "#000000"
            }],
            "agency_name": "SFM"
          },
          "geometry": {
            "type": "Point",
            "coordinates": [2.99388, 39.71131]
          }
        }, {
          "type": "Feature",
          "properties": {
            "stop_id": "55_1017_1",
            "stop_name": "Muro Andén 1",
            "parent_station": "1017",
            "platform_code": "1",
            "routes": [{
              "route_id": "55_2",
              "agency_id": "55",
              "route_short_name": "T2",
              "route_long_name": "Tren Sa Pobla",
              "route_type": 2,
              "route_url": "https://www.tib.org/web/ctm/tren/linia/T2",
              "route_color": "#AFD9F1",
              "route_text_color": "#000000"
            }],
            "agency_name": "SFM"
          },
          "geometry": {
            "type": "Point",
            "coordinates": [3.0323, 39.73433]
          }
        }, {
          "type": "Feature",
          "properties": {
            "stop_id": "55_1018_1",
            "stop_name": "Sa Pobla Andén 1",
            "parent_station": "1018",
            "platform_code": "1",
            "routes": [{
              "route_id": "55_2",
              "agency_id": "55",
              "route_short_name": "T2",
              "route_long_name": "Tren Sa Pobla",
              "route_type": 2,
              "route_url": "https://www.tib.org/web/ctm/tren/linia/T2",
              "route_color": "#AFD9F1",
              "route_text_color": "#000000"
            }],
            "agency_name": "SFM"
          },
          "geometry": {
            "type": "Point",
            "coordinates": [3.02936, 39.7643]
          }
        }, {
          "type": "Feature",
          "properties": {
            "stop_id": "55_1019_1",
            "stop_name": "Sineu Andén 1",
            "parent_station": "1019",
            "platform_code": "1",
            "routes": [{
              "route_id": "55_3",
              "agency_id": "55",
              "route_short_name": "T3",
              "route_long_name": "Tren Manacor",
              "route_type": 2,
              "route_url": "https://www.tib.org/web/ctm/tren/linia/T3",
              "route_color": "#FBEB82",
              "route_text_color": "#000000"
            }],
            "agency_name": "SFM"
          },
          "geometry": {
            "type": "Point",
            "coordinates": [3.01453, 39.64359]
          }
        }, {
          "type": "Feature",
          "properties": {
            "stop_id": "55_1019_2",
            "stop_name": "Sineu Andén 2",
            "parent_station": "1019",
            "platform_code": "2",
            "routes": [{
              "route_id": "55_3",
              "agency_id": "55",
              "route_short_name": "T3",
              "route_long_name": "Tren Manacor",
              "route_type": 2,
              "route_url": "https://www.tib.org/web/ctm/tren/linia/T3",
              "route_color": "#FBEB82",
              "route_text_color": "#000000"
            }],
            "agency_name": "SFM"
          },
          "geometry": {
            "type": "Point",
            "coordinates": [3.01453, 39.64359]
          }
        }, {
          "type": "Feature",
          "properties": {
            "stop_id": "55_1020_1",
            "stop_name": "Petra Andén 1",
            "parent_station": "1020",
            "platform_code": "1",
            "routes": [{
              "route_id": "55_3",
              "agency_id": "55",
              "route_short_name": "T3",
              "route_long_name": "Tren Manacor",
              "route_type": 2,
              "route_url": "https://www.tib.org/web/ctm/tren/linia/T3",
              "route_color": "#FBEB82",
              "route_text_color": "#000000"
            }],
            "agency_name": "SFM"
          },
          "geometry": {
            "type": "Point",
            "coordinates": [3.11015, 39.6178]
          }
        }, {
          "type": "Feature",
          "properties": {
            "stop_id": "55_1020_2",
            "stop_name": "Petra Andén 2",
            "parent_station": "1020",
            "platform_code": "2",
            "routes": [{
              "route_id": "55_3",
              "agency_id": "55",
              "route_short_name": "T3",
              "route_long_name": "Tren Manacor",
              "route_type": 2,
              "route_url": "https://www.tib.org/web/ctm/tren/linia/T3",
              "route_color": "#FBEB82",
              "route_text_color": "#000000"
            }],
            "agency_name": "SFM"
          },
          "geometry": {
            "type": "Point",
            "coordinates": [3.11015, 39.6178]
          }
        }, {
          "type": "Feature",
          "properties": {
            "stop_id": "55_1021_1",
            "stop_name": "Manacor Andén 1",
            "parent_station": "1021",
            "platform_code": "1",
            "routes": [{
              "route_id": "55_3",
              "agency_id": "55",
              "route_short_name": "T3",
              "route_long_name": "Tren Manacor",
              "route_type": 2,
              "route_url": "https://www.tib.org/web/ctm/tren/linia/T3",
              "route_color": "#FBEB82",
              "route_text_color": "#000000"
            }],
            "agency_name": "SFM"
          },
          "geometry": {
            "type": "Point",
            "coordinates": [3.20288, 39.57055]
          }
        }, {
          "type": "Feature",
          "properties": {
            "stop_id": "55_1022_2",
            "stop_name": "Son Cladera Andén 2",
            "parent_station": "1022",
            "platform_code": "2",
            "routes": [{
              "route_id": "55_1",
              "agency_id": "55",
              "route_short_name": "T1",
              "route_long_name": "Tren Inca",
              "route_type": 2,
              "route_url": "https://www.tib.org/web/ctm/tren/linia/T1",
              "route_color": "#BBE6AA",
              "route_text_color": "#000000"
            }, {
              "route_id": "55_2",
              "agency_id": "55",
              "route_short_name": "T2",
              "route_long_name": "Tren Sa Pobla",
              "route_type": 2,
              "route_url": "https://www.tib.org/web/ctm/tren/linia/T2",
              "route_color": "#AFD9F1",
              "route_text_color": "#000000"
            }, {
              "route_id": "55_3",
              "agency_id": "55",
              "route_short_name": "T3",
              "route_long_name": "Tren Manacor",
              "route_type": 2,
              "route_url": "https://www.tib.org/web/ctm/tren/linia/T3",
              "route_color": "#FBEB82",
              "route_text_color": "#000000"
            }],
            "agency_name": "SFM"
          },
          "geometry": {
            "type": "Point",
            "coordinates": [2.67943, 39.59363]
          }
        }, {
          "type": "Feature",
          "properties": {
            "stop_id": "55_1849_1",
            "stop_name": "Constància Hospital Andén 1",
            "parent_station": "1849",
            "platform_code": "1",
            "routes": [{
              "route_id": "55_2",
              "agency_id": "55",
              "route_short_name": "T2",
              "route_long_name": "Tren Sa Pobla",
              "route_type": 2,
              "route_url": "https://www.tib.org/web/ctm/tren/linia/T2",
              "route_color": "#AFD9F1",
              "route_text_color": "#000000"
            }, {
              "route_id": "55_3",
              "agency_id": "55",
              "route_short_name": "T3",
              "route_long_name": "Tren Manacor",
              "route_type": 2,
              "route_url": "https://www.tib.org/web/ctm/tren/linia/T3",
              "route_color": "#FBEB82",
              "route_text_color": "#000000"
            }],
            "agency_name": "SFM"
          },
          "geometry": {
            "type": "Point",
            "coordinates": [2.91474, 39.7148]
          }
        }, {
          "type": "Feature",
          "properties": {
            "stop_id": "55_1849_2",
            "stop_name": "Constància Hospital Andén 2",
            "parent_station": "1849",
            "platform_code": "2",
            "routes": [{
              "route_id": "55_2",
              "agency_id": "55",
              "route_short_name": "T2",
              "route_long_name": "Tren Sa Pobla",
              "route_type": 2,
              "route_url": "https://www.tib.org/web/ctm/tren/linia/T2",
              "route_color": "#AFD9F1",
              "route_text_color": "#000000"
            }, {
              "route_id": "55_3",
              "agency_id": "55",
              "route_short_name": "T3",
              "route_long_name": "Tren Manacor",
              "route_type": 2,
              "route_url": "https://www.tib.org/web/ctm/tren/linia/T3",
              "route_color": "#FBEB82",
              "route_text_color": "#000000"
            }],
            "agency_name": "SFM"
          },
          "geometry": {
            "type": "Point",
            "coordinates": [2.91474, 39.7148]
          }
        }, {
          "type": "Feature",
          "properties": {
            "stop_id": "55_1026_1",
            "stop_name": "Son Fuster Vell Andén 1",
            "parent_station": "1026",
            "platform_code": "1",
            "routes": [{
              "route_id": "55_4",
              "agency_id": "55",
              "route_short_name": "M1",
              "route_long_name": "Metro UIB",
              "route_type": 1,
              "route_url": "https://www.tib.org/web/ctm/metro/linia/M1",
              "route_color": "#FF9933",
              "route_text_color": "#000000"
            }],
            "agency_name": "SFM"
          },
          "geometry": {
            "type": "Point",
            "coordinates": [2.67154, 39.59546]
          }
        }, {
          "type": "Feature",
          "properties": {
            "stop_id": "55_1026_2",
            "stop_name": "Son Fuster Vell Andén 2",
            "parent_station": "1026",
            "platform_code": "2",
            "routes": [{
              "route_id": "55_4",
              "agency_id": "55",
              "route_short_name": "M1",
              "route_long_name": "Metro UIB",
              "route_type": 1,
              "route_url": "https://www.tib.org/web/ctm/metro/linia/M1",
              "route_color": "#FF9933",
              "route_text_color": "#000000"
            }],
            "agency_name": "SFM"
          },
          "geometry": {
            "type": "Point",
            "coordinates": [2.67154, 39.59546]
          }
        }, {
          "type": "Feature",
          "properties": {
            "stop_id": "55_1027_1",
            "stop_name": "Son Castelló Andén 1",
            "parent_station": "1027",
            "platform_code": "1",
            "routes": [{
              "route_id": "55_4",
              "agency_id": "55",
              "route_short_name": "M1",
              "route_long_name": "Metro UIB",
              "route_type": 1,
              "route_url": "https://www.tib.org/web/ctm/metro/linia/M1",
              "route_color": "#FF9933",
              "route_text_color": "#000000"
            }],
            "agency_name": "SFM"
          },
          "geometry": {
            "type": "Point",
            "coordinates": [2.6722, 39.60261]
          }
        }, {
          "type": "Feature",
          "properties": {
            "stop_id": "55_1027_2",
            "stop_name": "Son Castelló Andén 2",
            "parent_station": "1027",
            "platform_code": "2",
            "routes": [{
              "route_id": "55_4",
              "agency_id": "55",
              "route_short_name": "M1",
              "route_long_name": "Metro UIB",
              "route_type": 1,
              "route_url": "https://www.tib.org/web/ctm/metro/linia/M1",
              "route_color": "#FF9933",
              "route_text_color": "#000000"
            }],
            "agency_name": "SFM"
          },
          "geometry": {
            "type": "Point",
            "coordinates": [2.6722, 39.60261]
          }
        }, {
          "type": "Feature",
          "properties": {
            "stop_id": "55_1028_1",
            "stop_name": "Gran Via Asima Andén 1",
            "parent_station": "1028",
            "platform_code": "1",
            "routes": [{
              "route_id": "55_4",
              "agency_id": "55",
              "route_short_name": "M1",
              "route_long_name": "Metro UIB",
              "route_type": 1,
              "route_url": "https://www.tib.org/web/ctm/metro/linia/M1",
              "route_color": "#FF9933",
              "route_text_color": "#000000"
            }],
            "agency_name": "SFM"
          },
          "geometry": {
            "type": "Point",
            "coordinates": [2.66863, 39.60648]
          }
        }, {
          "type": "Feature",
          "properties": {
            "stop_id": "55_1028_2",
            "stop_name": "Gran Via Asima Andén 2",
            "parent_station": "1028",
            "platform_code": "2",
            "routes": [{
              "route_id": "55_4",
              "agency_id": "55",
              "route_short_name": "M1",
              "route_long_name": "Metro UIB",
              "route_type": 1,
              "route_url": "https://www.tib.org/web/ctm/metro/linia/M1",
              "route_color": "#FF9933",
              "route_text_color": "#000000"
            }],
            "agency_name": "SFM"
          },
          "geometry": {
            "type": "Point",
            "coordinates": [2.66863, 39.60648]
          }
        }, {
          "type": "Feature",
          "properties": {
            "stop_id": "55_1029_1",
            "stop_name": "Camí del Reis Andén 1",
            "parent_station": "1029",
            "platform_code": "1",
            "routes": [{
              "route_id": "55_4",
              "agency_id": "55",
              "route_short_name": "M1",
              "route_long_name": "Metro UIB",
              "route_type": 1,
              "route_url": "https://www.tib.org/web/ctm/metro/linia/M1",
              "route_color": "#FF9933",
              "route_text_color": "#000000"
            }],
            "agency_name": "SFM"
          },
          "geometry": {
            "type": "Point",
            "coordinates": [2.66538, 39.61027]
          }
        }, {
          "type": "Feature",
          "properties": {
            "stop_id": "55_1029_2",
            "stop_name": "Camí del Reis Andén 2",
            "parent_station": "1029",
            "platform_code": "2",
            "routes": [{
              "route_id": "55_4",
              "agency_id": "55",
              "route_short_name": "M1",
              "route_long_name": "Metro UIB",
              "route_type": 1,
              "route_url": "https://www.tib.org/web/ctm/metro/linia/M1",
              "route_color": "#FF9933",
              "route_text_color": "#000000"
            }],
            "agency_name": "SFM"
          },
          "geometry": {
            "type": "Point",
            "coordinates": [2.66538, 39.61027]
          }
        }, {
          "type": "Feature",
          "properties": {
            "stop_id": "55_1030_1",
            "stop_name": "Son Sardina Andén 1",
            "parent_station": "1030",
            "platform_code": "1",
            "routes": [{
              "route_id": "55_4",
              "agency_id": "55",
              "route_short_name": "M1",
              "route_long_name": "Metro UIB",
              "route_type": 1,
              "route_url": "https://www.tib.org/web/ctm/metro/linia/M1",
              "route_color": "#FF9933",
              "route_text_color": "#000000"
            }],
            "agency_name": "SFM"
          },
          "geometry": {
            "type": "Point",
            "coordinates": [2.66126, 39.62069]
          }
        }, {
          "type": "Feature",
          "properties": {
            "stop_id": "55_1030_2",
            "stop_name": "Son Sardina Andén 2",
            "parent_station": "1030",
            "platform_code": "2",
            "routes": [{
              "route_id": "55_4",
              "agency_id": "55",
              "route_short_name": "M1",
              "route_long_name": "Metro UIB",
              "route_type": 1,
              "route_url": "https://www.tib.org/web/ctm/metro/linia/M1",
              "route_color": "#FF9933",
              "route_text_color": "#000000"
            }],
            "agency_name": "SFM"
          },
          "geometry": {
            "type": "Point",
            "coordinates": [2.66126, 39.62069]
          }
        }, {
          "type": "Feature",
          "properties": {
            "stop_id": "55_1031_1",
            "stop_name": "UIB Andén 1",
            "parent_station": "1031",
            "platform_code": "1",
            "routes": [{
              "route_id": "55_4",
              "agency_id": "55",
              "route_short_name": "M1",
              "route_long_name": "Metro UIB",
              "route_type": 1,
              "route_url": "https://www.tib.org/web/ctm/metro/linia/M1",
              "route_color": "#FF9933",
              "route_text_color": "#000000"
            }],
            "agency_name": "SFM"
          },
          "geometry": {
            "type": "Point",
            "coordinates": [2.64798, 39.63461]
          }
        }, {
          "type": "Feature",
          "properties": {
            "stop_id": "55_1031_2",
            "stop_name": "UIB Andén 2",
            "parent_station": "1031",
            "platform_code": "2",
            "routes": [{
              "route_id": "55_4",
              "agency_id": "55",
              "route_short_name": "M1",
              "route_long_name": "Metro UIB",
              "route_type": 1,
              "route_url": "https://www.tib.org/web/ctm/metro/linia/M1",
              "route_color": "#FF9933",
              "route_text_color": "#000000"
            }],
            "agency_name": "SFM"
          },
          "geometry": {
            "type": "Point",
            "coordinates": [2.64798, 39.63461]
          }
        }, {
          "type": "Feature",
          "properties": {
            "stop_id": "55_1893_1",
            "stop_name": "Parc Bit Andén 1",
            "parent_station": "1893",
            "platform_code": "1",
            "routes": [{
              "route_id": "55_4",
              "agency_id": "55",
              "route_short_name": "M1",
              "route_long_name": "Metro UIB",
              "route_type": 1,
              "route_url": "https://www.tib.org/web/ctm/metro/linia/M1",
              "route_color": "#FF9933",
              "route_text_color": "#000000"
            }],
            "agency_name": "SFM"
          },
          "geometry": {
            "type": "Point",
            "coordinates": [2.63649, 39.63438]
          }
        }]
      }